name,location,difficulty,difficulty_score,days,distance_km,altitude_m,price,rating
Kudremukh,Chikkamagaluru,Moderate,2,2,22,1894,1499,4.8
Skandagiri,Chikkaballapur,Easy,1,1,8,1450,899,4.7
Kumara Parvatha,Coorg,Difficult,3,2,25,1712,1799,4.9
Kodachadri,Shivamogga,Moderate,2,2,14,1343,1299,4.8
Tadiandamol,Coorg,Moderate,2,1,8,1748,999,4.7
Mullayanagiri,Chikkamagaluru,Easy,1,1,5,1930,799,4.8
Brahmagiri,Coorg,Moderate,2,2,10,1608,1399,4.6
Nandi Hills,Chikkaballapur,Easy,1,1,4,1478,599,4.5
Savandurga,Bengaluru,Moderate,2,1,5,1226,699,4.6
Ettina Bhuja,Dakshina Kannada,Moderate,2,1,7,1300,1199,4.8
Kunti Betta,Mandya,Easy,1,1,4,878,699,4.6
Ballalarayana Durga,Chikkamagaluru,Moderate,2,1,6,1509,1099,4.7